tokens,value
halt,2.273324
</s>,1.7988161
large,1.7503438
problem,1.4238951
due,1.3290374
<s>,1.0394666
ia,1.02541
omp,0.98739105
financing,0.936268
ind,0.9317894
project,0.9299783
asp,0.81925434
oc,0.8143447
building,0.77823234
factory,0.33734545
factory,0.32388526
ch,0.27513304
ina,0.22608471
