tokens,value
</s>,2.1312191
due,1.5565176
measure,1.1390498
fin,1.0619178
ord,1.0117956
acc,0.847816
air,0.8005061
situation,0.79207397
n,0.7861755
employment,0.78422546
technical,0.77435714
<s>,0.66626394
service,0.64808184
