tokens,value
<s>,2.474167
happy,2.4243524
support,2.0462444
best,1.7127918
able,1.6213517
</s>,1.3335775
would,1.3283156
idea,1.2002063
sustainable,1.0936751
development,1.0070643
says,0.9779168
president,0.9405277
look,0.921533
vice,0.9102901
solution,0.87213373
provide,0.85019827
um,0.8213229
ha,0.79161555
t,0.779349
o,0.7391557
fort,0.70002973
i,0.69102824
en,0.6787722
ar,0.6333446
oun,0.6286503
solution,0.5373093
iet,0.50950116
j,0.5022027
ain,0.46609744
ik,0.41883558
energy,0.38843971
