tokens,value
</s>,1.8736749
island,1.8003405
trouble,1.607187
make,1.2392435
outside,1.1939138
run,1.1793361
ry,1.0078201
<s>,0.7988781
fer,0.77860713
holm,0.57825184
ago,0.5283144
arch,0.48732108
stock,0.47413433
ipel,0.45297694
