tokens,value
</s>,2.4145694
great,2.2668886
competitive,2.0840592
importance,1.6414787
issue,1.3881559
<s>,1.1761853
comment,1.160004
industry,1.1056342
file,0.8397297
com,0.7264246
st,0.5797003
sector,0.5203725
meeting,0.51791835
pt,0.49900928
holder,0.47631624
workshop,0.45303458
el,0.43249482
involve,0.3747058
ake,0.34331858
