tokens,value
enhance,1.492131
strengthen,1.4713912
</s>,1.3942239
quality,1.1684189
contest,1.1477048
aim,0.9866282
poly,0.97161216
culture,0.9689708
ic,0.9303657
ual,0.9274918
thesis,0.9053036
ann,0.8577923
<s>,0.8355049
thesis,0.75370204
thesis,0.728968
techn,0.45979086
