tokens,value
</s>,2.3572648
identify,1.409861
stones,1.1068765
oft,0.9823383
affect,0.96916735
technology,0.8361025
issue,0.8265499
<s>,0.72948766
content,0.612172
inspection,0.6069249
range,0.56325537
