tokens,value
</s>,2.9364796
ia,1.569871
as,1.4299786
essential,1.1947727
<s>,1.0924966
analysis,1.0194641
data,0.8680533
top,0.8634618
engine,0.80162823
engine,0.7901966
profile,0.782418
resource,0.70773214
level,0.7032752
pac,0.6911011
ific,0.6856128
industry,0.6650582
cover,0.625005
industry,0.57339513
