tokens,value
</s>,1.9126422
la,1.6820312
ord,1.3228688
en,1.280628
io,1.2029116
ain,1.0985631
ra,1.0295968
av,0.96942437
is,0.8625167
food,0.81767064
acc,0.7794695
marketing,0.71215355
<s>,0.67607313
use,0.6576715
reactive,0.5387059
inconsistent,0.4570731
