tokens,value
favourable,2.2136538
</s>,1.8481894
considers,1.6802484
outlook,1.3240302
price,1.086173
<s>,1.0140276
company,0.8280794
go,0.58026373
aluminium,0.471851
raw,0.43080428
end,0.3532625
material,0.16941674
