tokens,value
promote,1.4632521
also,1.3980764
genuine,1.3918257
service,1.090748
<s>,0.9746622
decision,0.82939917
</s>,0.8245193
court,0.5508523
competition,0.47666502
