tokens,value
divers,1.5274411
also,1.4127433
ify,1.3792138
feed,1.3284895
no,1.3021973
</s>,1.2477028
s,1.1948953
portfolio,0.92753935
to,0.87385523
ic,0.711905
<s>,0.6557213
sc,0.5913919
product,0.4929493
and,0.35395482
