tokens,value
</s>,2.4236503
consider,1.5141578
f,1.1356547
application,0.9192862
hack,0.87514234
<s>,0.8529966
ware,0.8485469
application,0.81270504
classify,0.68681026
secure,0.51559573
risk,0.41545397
