tokens,value
</s>,3.1861372
cyber,1.265494
holm,1.257145
tech,1.1001923
cyber,1.0825788
march,1.030599
stock,0.98198473
<s>,0.97981083
solution,0.88389266
group,0.7763314
consultancy,0.77449715
com,0.7717812
high,0.76275444
com,0.757614
global,0.73093915
end,0.725579
offer,0.7223179
source,0.6598967
end,0.5504544
