tokens,value
could,2.6605253
un,2.4761615
</s>,2.049377
sell,1.7602005
problem,1.7381835
supply,1.5760863
confirmed,1.3752873
reason,1.3014351
accord,1.0896639
ussian,1.0525235
<s>,0.9639835
st,0.9321135
r,0.8790187
ruary,0.80146575
information,0.7718551
el,0.7527133
burg,0.70706385
f,0.6315443
q,0.6083971
group,0.53612196
custom,0.49955198
c,0.459396
eb,0.45370647
service,0.43926135
ote,0.4334476
facility,0.41186142
ers,0.34884483
pet,0.29020885
