tokens,value
</s>,2.4841757
repayment,1.4552519
over,1.4421959
million,1.3665279
remain,1.297462
demand,1.2600399
se,1.1878176
say,1.1093132
se,1.0982898
million,1.0917071
inspect,1.0618722
approximately,0.8717615
orate,0.80683136
<s>,0.7481541
k,0.7229364
area,0.7018809
western,0.6881249
take,0.685225
holm,0.6758254
coast,0.63058114
k,0.5878385
stock,0.57246566
charge,0.4537218
