tokens,value
positive,1.6136796
</s>,1.537235
give,1.3434461
p,1.3235167
rank,1.2463796
star,1.1750995
stock,1.0645546
buy,1.0587142
bullish,1.0104508
<s>,0.64494675
n,0.5317732
indicator,0.51759034
ok,0.49783114
technical,0.4347825
