tokens,value
</s>,1.7930149
increasingly,1.7745359
growth,1.6767833
pursue,1.4674273
ancing,1.4316384
fin,1.4273691
aggressively,1.4039334
growth,1.3374755
as,1.2467237
strategy,1.1706862
bs,0.9782032
h,0.9667326
<s>,0.96298367
pc,0.93596
focus,0.9205826
demand,0.90287524
as,0.8930372
p,0.83144134
technologically,0.7680677
di,0.69164187
p,0.68955636
omp,0.6845908
board,0.66540414
oc,0.59033155
omp,0.5748335
oc,0.42635798
print,0.41091567
circuit,0.37689716
