tokens,value
</s>,2.5628512
g,1.717923
combine,1.1608319
<s>,1.1218622
new,1.101672
ps,1.0946603
team,1.0555537
together,1.035233
olutions,1.035146
provide,0.9560825
ge,0.862005
internet,0.85352623
technology,0.82567954
technology,0.82292414
base,0.76252633
networking,0.75476795
social,0.6985198
intrigue,0.67947555
os,0.6604066
base,0.62766254
mobile,0.6106906
