tokens,value
positive,2.1098764
estimate,1.6381851
activity,1.1439689
</s>,1.0299758
<s>,0.6422259
operating,0.597644
flow,0.5191526
cash,0.31897125
